resource_id,resource_type,name,department,capacity,service_date,start_time,end_time
RES-1,CREW,Track Gang A,ENGINEERING,2,2026-09-01,00:00,23:59
RES-1,CREW,Track Gang A,ENGINEERING,2,2026-09-02,00:00,23:59
RES-1,CREW,Track Gang A,ENGINEERING,2,2026-09-03,00:00,23:59
RES-1,CREW,Track Gang A,ENGINEERING,2,2026-09-04,00:00,23:59
RES-1,CREW,Track Gang A,ENGINEERING,2,2026-09-05,00:00,23:59
RES-1,CREW,Track Gang A,ENGINEERING,2,2026-09-06,00:00,23:59
RES-1,CREW,Track Gang A,ENGINEERING,2,2026-09-07,00:00,23:59
RES-1,CREW,Track Gang A,ENGINEERING,2,2026-09-08,00:00,23:59
RES-1,CREW,Track Gang A,ENGINEERING,2,2026-09-09,00:00,23:59
RES-1,CREW,Track Gang A,ENGINEERING,2,2026-09-10,00:00,23:59
RES-1,CREW,Track Gang A,ENGINEERING,2,2026-09-11,00:00,23:59
RES-1,CREW,Track Gang A,ENGINEERING,2,2026-09-12,00:00,23:59
RES-1,CREW,Track Gang A,ENGINEERING,2,2026-09-13,00:00,23:59
RES-1,CREW,Track Gang A,ENGINEERING,2,2026-09-14,00:00,23:59
RES-1,CREW,Track Gang A,ENGINEERING,2,2026-09-15,00:00,23:59
RES-1,CREW,Track Gang A,ENGINEERING,2,2026-09-16,00:00,23:59
RES-1,CREW,Track Gang A,ENGINEERING,2,2026-09-17,00:00,23:59
RES-1,CREW,Track Gang A,ENGINEERING,2,2026-09-18,00:00,23:59
RES-1,CREW,Track Gang A,ENGINEERING,2,2026-09-19,00:00,23:59
RES-1,CREW,Track Gang A,ENGINEERING,2,2026-09-20,00:00,23:59
RES-1,CREW,Track Gang A,ENGINEERING,2,2026-09-21,00:00,23:59
RES-1,CREW,Track Gang A,ENGINEERING,2,2026-09-22,00:00,23:59
RES-1,CREW,Track Gang A,ENGINEERING,2,2026-09-23,00:00,23:59
RES-1,CREW,Track Gang A,ENGINEERING,2,2026-09-24,00:00,23:59
RES-1,CREW,Track Gang A,ENGINEERING,2,2026-09-25,00:00,23:59
RES-1,CREW,Track Gang A,ENGINEERING,2,2026-09-26,00:00,23:59
RES-1,CREW,Track Gang A,ENGINEERING,2,2026-09-27,00:00,23:59
RES-1,CREW,Track Gang A,ENGINEERING,2,2026-09-28,00:00,23:59
RES-1,CREW,Track Gang A,ENGINEERING,2,2026-09-29,00:00,23:59
RES-1,CREW,Track Gang A,ENGINEERING,2,2026-09-30,00:00,23:59
RES-2,CREW,Track Gang B,ENGINEERING,2,2026-09-01,00:00,23:59
RES-2,CREW,Track Gang B,ENGINEERING,2,2026-09-02,00:00,23:59
RES-2,CREW,Track Gang B,ENGINEERING,2,2026-09-03,00:00,23:59
RES-2,CREW,Track Gang B,ENGINEERING,2,2026-09-04,00:00,23:59
RES-2,CREW,Track Gang B,ENGINEERING,2,2026-09-05,00:00,23:59
RES-2,CREW,Track Gang B,ENGINEERING,2,2026-09-06,00:00,23:59
RES-2,CREW,Track Gang B,ENGINEERING,2,2026-09-07,00:00,23:59
RES-2,CREW,Track Gang B,ENGINEERING,2,2026-09-08,00:00,23:59
RES-2,CREW,Track Gang B,ENGINEERING,2,2026-09-09,00:00,23:59
RES-2,CREW,Track Gang B,ENGINEERING,2,2026-09-10,00:00,23:59
RES-2,CREW,Track Gang B,ENGINEERING,2,2026-09-11,00:00,23:59
RES-2,CREW,Track Gang B,ENGINEERING,2,2026-09-12,00:00,23:59
RES-2,CREW,Track Gang B,ENGINEERING,2,2026-09-13,00:00,23:59
RES-2,CREW,Track Gang B,ENGINEERING,2,2026-09-14,00:00,23:59
RES-2,CREW,Track Gang B,ENGINEERING,2,2026-09-15,00:00,23:59
RES-2,CREW,Track Gang B,ENGINEERING,2,2026-09-16,00:00,23:59
RES-2,CREW,Track Gang B,ENGINEERING,2,2026-09-17,00:00,23:59
RES-2,CREW,Track Gang B,ENGINEERING,2,2026-09-18,00:00,23:59
RES-2,CREW,Track Gang B,ENGINEERING,2,2026-09-19,00:00,23:59
RES-2,CREW,Track Gang B,ENGINEERING,2,2026-09-20,00:00,23:59
RES-2,CREW,Track Gang B,ENGINEERING,2,2026-09-21,00:00,23:59
RES-2,CREW,Track Gang B,ENGINEERING,2,2026-09-22,00:00,23:59
RES-2,CREW,Track Gang B,ENGINEERING,2,2026-09-23,00:00,23:59
RES-2,CREW,Track Gang B,ENGINEERING,2,2026-09-24,00:00,23:59
RES-2,CREW,Track Gang B,ENGINEERING,2,2026-09-25,00:00,23:59
RES-2,CREW,Track Gang B,ENGINEERING,2,2026-09-26,00:00,23:59
RES-2,CREW,Track Gang B,ENGINEERING,2,2026-09-27,00:00,23:59
RES-2,CREW,Track Gang B,ENGINEERING,2,2026-09-28,00:00,23:59
RES-2,CREW,Track Gang B,ENGINEERING,2,2026-09-29,00:00,23:59
RES-2,CREW,Track Gang B,ENGINEERING,2,2026-09-30,00:00,23:59
RES-3,MACHINE,Tamping Machine M1,ENGINEERING,1,2026-09-01,00:00,23:59
RES-3,MACHINE,Tamping Machine M1,ENGINEERING,1,2026-09-02,00:00,23:59
RES-3,MACHINE,Tamping Machine M1,ENGINEERING,1,2026-09-03,00:00,23:59
RES-3,MACHINE,Tamping Machine M1,ENGINEERING,1,2026-09-04,00:00,23:59
RES-3,MACHINE,Tamping Machine M1,ENGINEERING,1,2026-09-05,00:00,23:59
RES-3,MACHINE,Tamping Machine M1,ENGINEERING,1,2026-09-06,00:00,23:59
RES-3,MACHINE,Tamping Machine M1,ENGINEERING,1,2026-09-07,00:00,23:59
RES-3,MACHINE,Tamping Machine M1,ENGINEERING,1,2026-09-08,00:00,23:59
RES-3,MACHINE,Tamping Machine M1,ENGINEERING,1,2026-09-09,00:00,23:59
RES-3,MACHINE,Tamping Machine M1,ENGINEERING,1,2026-09-10,00:00,23:59
RES-3,MACHINE,Tamping Machine M1,ENGINEERING,1,2026-09-11,00:00,23:59
RES-3,MACHINE,Tamping Machine M1,ENGINEERING,1,2026-09-12,00:00,23:59
RES-3,MACHINE,Tamping Machine M1,ENGINEERING,1,2026-09-13,00:00,23:59
RES-3,MACHINE,Tamping Machine M1,ENGINEERING,1,2026-09-14,00:00,23:59
RES-3,MACHINE,Tamping Machine M1,ENGINEERING,1,2026-09-15,00:00,23:59
RES-3,MACHINE,Tamping Machine M1,ENGINEERING,1,2026-09-16,00:00,23:59
RES-3,MACHINE,Tamping Machine M1,ENGINEERING,1,2026-09-17,00:00,23:59
RES-3,MACHINE,Tamping Machine M1,ENGINEERING,1,2026-09-18,00:00,23:59
RES-3,MACHINE,Tamping Machine M1,ENGINEERING,1,2026-09-19,00:00,23:59
RES-3,MACHINE,Tamping Machine M1,ENGINEERING,1,2026-09-20,00:00,23:59
RES-3,MACHINE,Tamping Machine M1,ENGINEERING,1,2026-09-21,00:00,23:59
RES-3,MACHINE,Tamping Machine M1,ENGINEERING,1,2026-09-22,00:00,23:59
RES-3,MACHINE,Tamping Machine M1,ENGINEERING,1,2026-09-23,00:00,23:59
RES-3,MACHINE,Tamping Machine M1,ENGINEERING,1,2026-09-24,00:00,23:59
RES-3,MACHINE,Tamping Machine M1,ENGINEERING,1,2026-09-25,00:00,23:59
RES-3,MACHINE,Tamping Machine M1,ENGINEERING,1,2026-09-26,00:00,23:59
RES-3,MACHINE,Tamping Machine M1,ENGINEERING,1,2026-09-27,00:00,23:59
RES-3,MACHINE,Tamping Machine M1,ENGINEERING,1,2026-09-28,00:00,23:59
RES-3,MACHINE,Tamping Machine M1,ENGINEERING,1,2026-09-29,00:00,23:59
RES-3,MACHINE,Tamping Machine M1,ENGINEERING,1,2026-09-30,00:00,23:59
RES-4,MACHINE,Welding Plant W1,ENGINEERING,1,2026-09-01,00:00,23:59
RES-4,MACHINE,Welding Plant W1,ENGINEERING,1,2026-09-02,00:00,23:59
RES-4,MACHINE,Welding Plant W1,ENGINEERING,1,2026-09-03,00:00,23:59
RES-4,MACHINE,Welding Plant W1,ENGINEERING,1,2026-09-04,00:00,23:59
RES-4,MACHINE,Welding Plant W1,ENGINEERING,1,2026-09-05,00:00,23:59
RES-4,MACHINE,Welding Plant W1,ENGINEERING,1,2026-09-06,00:00,23:59
RES-4,MACHINE,Welding Plant W1,ENGINEERING,1,2026-09-07,00:00,23:59
RES-4,MACHINE,Welding Plant W1,ENGINEERING,1,2026-09-08,00:00,23:59
RES-4,MACHINE,Welding Plant W1,ENGINEERING,1,2026-09-09,00:00,23:59
RES-4,MACHINE,Welding Plant W1,ENGINEERING,1,2026-09-10,00:00,23:59
RES-4,MACHINE,Welding Plant W1,ENGINEERING,1,2026-09-11,00:00,23:59
RES-4,MACHINE,Welding Plant W1,ENGINEERING,1,2026-09-12,00:00,23:59
RES-4,MACHINE,Welding Plant W1,ENGINEERING,1,2026-09-13,00:00,23:59
RES-4,MACHINE,Welding Plant W1,ENGINEERING,1,2026-09-14,00:00,23:59
RES-4,MACHINE,Welding Plant W1,ENGINEERING,1,2026-09-15,00:00,23:59
RES-4,MACHINE,Welding Plant W1,ENGINEERING,1,2026-09-16,00:00,23:59
RES-4,MACHINE,Welding Plant W1,ENGINEERING,1,2026-09-17,00:00,23:59
RES-4,MACHINE,Welding Plant W1,ENGINEERING,1,2026-09-18,00:00,23:59
RES-4,MACHINE,Welding Plant W1,ENGINEERING,1,2026-09-19,00:00,23:59
RES-4,MACHINE,Welding Plant W1,ENGINEERING,1,2026-09-20,00:00,23:59
RES-4,MACHINE,Welding Plant W1,ENGINEERING,1,2026-09-21,00:00,23:59
RES-4,MACHINE,Welding Plant W1,ENGINEERING,1,2026-09-22,00:00,23:59
RES-4,MACHINE,Welding Plant W1,ENGINEERING,1,2026-09-23,00:00,23:59
RES-4,MACHINE,Welding Plant W1,ENGINEERING,1,2026-09-24,00:00,23:59
RES-4,MACHINE,Welding Plant W1,ENGINEERING,1,2026-09-25,00:00,23:59
RES-4,MACHINE,Welding Plant W1,ENGINEERING,1,2026-09-26,00:00,23:59
RES-4,MACHINE,Welding Plant W1,ENGINEERING,1,2026-09-27,00:00,23:59
RES-4,MACHINE,Welding Plant W1,ENGINEERING,1,2026-09-28,00:00,23:59
RES-4,MACHINE,Welding Plant W1,ENGINEERING,1,2026-09-29,00:00,23:59
RES-4,MACHINE,Welding Plant W1,ENGINEERING,1,2026-09-30,00:00,23:59
RES-5,MATERIAL,Ballast Stock,ENGINEERING,10,2026-09-01,00:00,23:59
RES-5,MATERIAL,Ballast Stock,ENGINEERING,10,2026-09-02,00:00,23:59
RES-5,MATERIAL,Ballast Stock,ENGINEERING,10,2026-09-03,00:00,23:59
RES-5,MATERIAL,Ballast Stock,ENGINEERING,10,2026-09-04,00:00,23:59
RES-5,MATERIAL,Ballast Stock,ENGINEERING,10,2026-09-05,00:00,23:59
RES-5,MATERIAL,Ballast Stock,ENGINEERING,10,2026-09-06,00:00,23:59
RES-5,MATERIAL,Ballast Stock,ENGINEERING,10,2026-09-07,00:00,23:59
RES-5,MATERIAL,Ballast Stock,ENGINEERING,10,2026-09-08,00:00,23:59
RES-5,MATERIAL,Ballast Stock,ENGINEERING,10,2026-09-09,00:00,23:59
RES-5,MATERIAL,Ballast Stock,ENGINEERING,10,2026-09-10,00:00,23:59
RES-5,MATERIAL,Ballast Stock,ENGINEERING,10,2026-09-11,00:00,23:59
RES-5,MATERIAL,Ballast Stock,ENGINEERING,10,2026-09-12,00:00,23:59
RES-5,MATERIAL,Ballast Stock,ENGINEERING,10,2026-09-13,00:00,23:59
RES-5,MATERIAL,Ballast Stock,ENGINEERING,10,2026-09-14,00:00,23:59
RES-5,MATERIAL,Ballast Stock,ENGINEERING,10,2026-09-15,00:00,23:59
RES-5,MATERIAL,Ballast Stock,ENGINEERING,10,2026-09-16,00:00,23:59
RES-5,MATERIAL,Ballast Stock,ENGINEERING,10,2026-09-17,00:00,23:59
RES-5,MATERIAL,Ballast Stock,ENGINEERING,10,2026-09-18,00:00,23:59
RES-5,MATERIAL,Ballast Stock,ENGINEERING,10,2026-09-19,00:00,23:59
RES-5,MATERIAL,Ballast Stock,ENGINEERING,10,2026-09-20,00:00,23:59
RES-5,MATERIAL,Ballast Stock,ENGINEERING,10,2026-09-21,00:00,23:59
RES-5,MATERIAL,Ballast Stock,ENGINEERING,10,2026-09-22,00:00,23:59
RES-5,MATERIAL,Ballast Stock,ENGINEERING,10,2026-09-23,00:00,23:59
RES-5,MATERIAL,Ballast Stock,ENGINEERING,10,2026-09-24,00:00,23:59
RES-5,MATERIAL,Ballast Stock,ENGINEERING,10,2026-09-25,00:00,23:59
RES-5,MATERIAL,Ballast Stock,ENGINEERING,10,2026-09-26,00:00,23:59
RES-5,MATERIAL,Ballast Stock,ENGINEERING,10,2026-09-27,00:00,23:59
RES-5,MATERIAL,Ballast Stock,ENGINEERING,10,2026-09-28,00:00,23:59
RES-5,MATERIAL,Ballast Stock,ENGINEERING,10,2026-09-29,00:00,23:59
RES-5,MATERIAL,Ballast Stock,ENGINEERING,10,2026-09-30,00:00,23:59
RES-6,CREW,Signal Team S1,S_AND_T,2,2026-09-01,00:00,23:59
RES-6,CREW,Signal Team S1,S_AND_T,2,2026-09-02,00:00,23:59
RES-6,CREW,Signal Team S1,S_AND_T,2,2026-09-03,00:00,23:59
RES-6,CREW,Signal Team S1,S_AND_T,2,2026-09-04,00:00,23:59
RES-6,CREW,Signal Team S1,S_AND_T,2,2026-09-05,00:00,23:59
RES-6,CREW,Signal Team S1,S_AND_T,2,2026-09-06,00:00,23:59
RES-6,CREW,Signal Team S1,S_AND_T,2,2026-09-07,00:00,23:59
RES-6,CREW,Signal Team S1,S_AND_T,2,2026-09-08,00:00,23:59
RES-6,CREW,Signal Team S1,S_AND_T,2,2026-09-09,00:00,23:59
RES-6,CREW,Signal Team S1,S_AND_T,2,2026-09-10,00:00,23:59
RES-6,CREW,Signal Team S1,S_AND_T,2,2026-09-11,00:00,23:59
RES-6,CREW,Signal Team S1,S_AND_T,2,2026-09-12,00:00,23:59
RES-6,CREW,Signal Team S1,S_AND_T,2,2026-09-13,00:00,23:59
RES-6,CREW,Signal Team S1,S_AND_T,2,2026-09-14,00:00,23:59
RES-6,CREW,Signal Team S1,S_AND_T,2,2026-09-15,00:00,23:59
RES-6,CREW,Signal Team S1,S_AND_T,2,2026-09-16,00:00,23:59
RES-6,CREW,Signal Team S1,S_AND_T,2,2026-09-17,00:00,23:59
RES-6,CREW,Signal Team S1,S_AND_T,2,2026-09-18,00:00,23:59
RES-6,CREW,Signal Team S1,S_AND_T,2,2026-09-19,00:00,23:59
RES-6,CREW,Signal Team S1,S_AND_T,2,2026-09-20,00:00,23:59
RES-6,CREW,Signal Team S1,S_AND_T,2,2026-09-21,00:00,23:59
RES-6,CREW,Signal Team S1,S_AND_T,2,2026-09-22,00:00,23:59
RES-6,CREW,Signal Team S1,S_AND_T,2,2026-09-23,00:00,23:59
RES-6,CREW,Signal Team S1,S_AND_T,2,2026-09-24,00:00,23:59
RES-6,CREW,Signal Team S1,S_AND_T,2,2026-09-25,00:00,23:59
RES-6,CREW,Signal Team S1,S_AND_T,2,2026-09-26,00:00,23:59
RES-6,CREW,Signal Team S1,S_AND_T,2,2026-09-27,00:00,23:59
RES-6,CREW,Signal Team S1,S_AND_T,2,2026-09-28,00:00,23:59
RES-6,CREW,Signal Team S1,S_AND_T,2,2026-09-29,00:00,23:59
RES-6,CREW,Signal Team S1,S_AND_T,2,2026-09-30,00:00,23:59
RES-7,CREW,Signal Team S2,S_AND_T,2,2026-09-01,00:00,23:59
RES-7,CREW,Signal Team S2,S_AND_T,2,2026-09-02,00:00,23:59
RES-7,CREW,Signal Team S2,S_AND_T,2,2026-09-03,00:00,23:59
RES-7,CREW,Signal Team S2,S_AND_T,2,2026-09-04,00:00,23:59
RES-7,CREW,Signal Team S2,S_AND_T,2,2026-09-05,00:00,23:59
RES-7,CREW,Signal Team S2,S_AND_T,2,2026-09-06,00:00,23:59
RES-7,CREW,Signal Team S2,S_AND_T,2,2026-09-07,00:00,23:59
RES-7,CREW,Signal Team S2,S_AND_T,2,2026-09-08,00:00,23:59
RES-7,CREW,Signal Team S2,S_AND_T,2,2026-09-09,00:00,23:59
RES-7,CREW,Signal Team S2,S_AND_T,2,2026-09-10,00:00,23:59
RES-7,CREW,Signal Team S2,S_AND_T,2,2026-09-11,00:00,23:59
RES-7,CREW,Signal Team S2,S_AND_T,2,2026-09-12,00:00,23:59
RES-7,CREW,Signal Team S2,S_AND_T,2,2026-09-13,00:00,23:59
RES-7,CREW,Signal Team S2,S_AND_T,2,2026-09-14,00:00,23:59
RES-7,CREW,Signal Team S2,S_AND_T,2,2026-09-15,00:00,23:59
RES-7,CREW,Signal Team S2,S_AND_T,2,2026-09-16,00:00,23:59
RES-7,CREW,Signal Team S2,S_AND_T,2,2026-09-17,00:00,23:59
RES-7,CREW,Signal Team S2,S_AND_T,2,2026-09-18,00:00,23:59
RES-7,CREW,Signal Team S2,S_AND_T,2,2026-09-19,00:00,23:59
RES-7,CREW,Signal Team S2,S_AND_T,2,2026-09-20,00:00,23:59
RES-7,CREW,Signal Team S2,S_AND_T,2,2026-09-21,00:00,23:59
RES-7,CREW,Signal Team S2,S_AND_T,2,2026-09-22,00:00,23:59
RES-7,CREW,Signal Team S2,S_AND_T,2,2026-09-23,00:00,23:59
RES-7,CREW,Signal Team S2,S_AND_T,2,2026-09-24,00:00,23:59
RES-7,CREW,Signal Team S2,S_AND_T,2,2026-09-25,00:00,23:59
RES-7,CREW,Signal Team S2,S_AND_T,2,2026-09-26,00:00,23:59
RES-7,CREW,Signal Team S2,S_AND_T,2,2026-09-27,00:00,23:59
RES-7,CREW,Signal Team S2,S_AND_T,2,2026-09-28,00:00,23:59
RES-7,CREW,Signal Team S2,S_AND_T,2,2026-09-29,00:00,23:59
RES-7,CREW,Signal Team S2,S_AND_T,2,2026-09-30,00:00,23:59
RES-8,MACHINE,Signal Test Van,S_AND_T,1,2026-09-01,00:00,23:59
RES-8,MACHINE,Signal Test Van,S_AND_T,1,2026-09-02,00:00,23:59
RES-8,MACHINE,Signal Test Van,S_AND_T,1,2026-09-03,00:00,23:59
RES-8,MACHINE,Signal Test Van,S_AND_T,1,2026-09-04,00:00,23:59
RES-8,MACHINE,Signal Test Van,S_AND_T,1,2026-09-05,00:00,23:59
RES-8,MACHINE,Signal Test Van,S_AND_T,1,2026-09-06,00:00,23:59
RES-8,MACHINE,Signal Test Van,S_AND_T,1,2026-09-07,00:00,23:59
RES-8,MACHINE,Signal Test Van,S_AND_T,1,2026-09-08,00:00,23:59
RES-8,MACHINE,Signal Test Van,S_AND_T,1,2026-09-09,00:00,23:59
RES-8,MACHINE,Signal Test Van,S_AND_T,1,2026-09-10,00:00,23:59
RES-8,MACHINE,Signal Test Van,S_AND_T,1,2026-09-11,00:00,23:59
RES-8,MACHINE,Signal Test Van,S_AND_T,1,2026-09-12,00:00,23:59
RES-8,MACHINE,Signal Test Van,S_AND_T,1,2026-09-13,00:00,23:59
RES-8,MACHINE,Signal Test Van,S_AND_T,1,2026-09-14,00:00,23:59
RES-8,MACHINE,Signal Test Van,S_AND_T,1,2026-09-15,00:00,23:59
RES-8,MACHINE,Signal Test Van,S_AND_T,1,2026-09-16,00:00,23:59
RES-8,MACHINE,Signal Test Van,S_AND_T,1,2026-09-17,00:00,23:59
RES-8,MACHINE,Signal Test Van,S_AND_T,1,2026-09-18,00:00,23:59
RES-8,MACHINE,Signal Test Van,S_AND_T,1,2026-09-19,00:00,23:59
RES-8,MACHINE,Signal Test Van,S_AND_T,1,2026-09-20,00:00,23:59
RES-8,MACHINE,Signal Test Van,S_AND_T,1,2026-09-21,00:00,23:59
RES-8,MACHINE,Signal Test Van,S_AND_T,1,2026-09-22,00:00,23:59
RES-8,MACHINE,Signal Test Van,S_AND_T,1,2026-09-23,00:00,23:59
RES-8,MACHINE,Signal Test Van,S_AND_T,1,2026-09-24,00:00,23:59
RES-8,MACHINE,Signal Test Van,S_AND_T,1,2026-09-25,00:00,23:59
RES-8,MACHINE,Signal Test Van,S_AND_T,1,2026-09-26,00:00,23:59
RES-8,MACHINE,Signal Test Van,S_AND_T,1,2026-09-27,00:00,23:59
RES-8,MACHINE,Signal Test Van,S_AND_T,1,2026-09-28,00:00,23:59
RES-8,MACHINE,Signal Test Van,S_AND_T,1,2026-09-29,00:00,23:59
RES-8,MACHINE,Signal Test Van,S_AND_T,1,2026-09-30,00:00,23:59
RES-9,CREW,OHE Crew O1,TRACTION,2,2026-09-01,00:00,23:59
RES-9,CREW,OHE Crew O1,TRACTION,2,2026-09-02,00:00,23:59
RES-9,CREW,OHE Crew O1,TRACTION,2,2026-09-03,00:00,23:59
RES-9,CREW,OHE Crew O1,TRACTION,2,2026-09-04,00:00,23:59
RES-9,CREW,OHE Crew O1,TRACTION,2,2026-09-05,00:00,23:59
RES-9,CREW,OHE Crew O1,TRACTION,2,2026-09-06,00:00,23:59
RES-9,CREW,OHE Crew O1,TRACTION,2,2026-09-07,00:00,23:59
RES-9,CREW,OHE Crew O1,TRACTION,2,2026-09-08,00:00,23:59
RES-9,CREW,OHE Crew O1,TRACTION,2,2026-09-09,00:00,23:59
RES-9,CREW,OHE Crew O1,TRACTION,2,2026-09-10,00:00,23:59
RES-9,CREW,OHE Crew O1,TRACTION,2,2026-09-11,00:00,23:59
RES-9,CREW,OHE Crew O1,TRACTION,2,2026-09-12,00:00,23:59
RES-9,CREW,OHE Crew O1,TRACTION,2,2026-09-13,00:00,23:59
RES-9,CREW,OHE Crew O1,TRACTION,2,2026-09-14,00:00,23:59
RES-9,CREW,OHE Crew O1,TRACTION,2,2026-09-15,00:00,23:59
RES-9,CREW,OHE Crew O1,TRACTION,2,2026-09-16,00:00,23:59
RES-9,CREW,OHE Crew O1,TRACTION,2,2026-09-17,00:00,23:59
RES-9,CREW,OHE Crew O1,TRACTION,2,2026-09-18,00:00,23:59
RES-9,CREW,OHE Crew O1,TRACTION,2,2026-09-19,00:00,23:59
RES-9,CREW,OHE Crew O1,TRACTION,2,2026-09-20,00:00,23:59
RES-9,CREW,OHE Crew O1,TRACTION,2,2026-09-21,00:00,23:59
RES-9,CREW,OHE Crew O1,TRACTION,2,2026-09-22,00:00,23:59
RES-9,CREW,OHE Crew O1,TRACTION,2,2026-09-23,00:00,23:59
RES-9,CREW,OHE Crew O1,TRACTION,2,2026-09-24,00:00,23:59
RES-9,CREW,OHE Crew O1,TRACTION,2,2026-09-25,00:00,23:59
RES-9,CREW,OHE Crew O1,TRACTION,2,2026-09-26,00:00,23:59
RES-9,CREW,OHE Crew O1,TRACTION,2,2026-09-27,00:00,23:59
RES-9,CREW,OHE Crew O1,TRACTION,2,2026-09-28,00:00,23:59
RES-9,CREW,OHE Crew O1,TRACTION,2,2026-09-29,00:00,23:59
RES-9,CREW,OHE Crew O1,TRACTION,2,2026-09-30,00:00,23:59
RES-10,CREW,OHE Crew O2,TRACTION,2,2026-09-01,00:00,23:59
RES-10,CREW,OHE Crew O2,TRACTION,2,2026-09-02,00:00,23:59
RES-10,CREW,OHE Crew O2,TRACTION,2,2026-09-03,00:00,23:59
RES-10,CREW,OHE Crew O2,TRACTION,2,2026-09-04,00:00,23:59
RES-10,CREW,OHE Crew O2,TRACTION,2,2026-09-05,00:00,23:59
RES-10,CREW,OHE Crew O2,TRACTION,2,2026-09-06,00:00,23:59
RES-10,CREW,OHE Crew O2,TRACTION,2,2026-09-07,00:00,23:59
RES-10,CREW,OHE Crew O2,TRACTION,2,2026-09-08,00:00,23:59
RES-10,CREW,OHE Crew O2,TRACTION,2,2026-09-09,00:00,23:59
RES-10,CREW,OHE Crew O2,TRACTION,2,2026-09-10,00:00,23:59
RES-10,CREW,OHE Crew O2,TRACTION,2,2026-09-11,00:00,23:59
RES-10,CREW,OHE Crew O2,TRACTION,2,2026-09-12,00:00,23:59
RES-10,CREW,OHE Crew O2,TRACTION,2,2026-09-13,00:00,23:59
RES-10,CREW,OHE Crew O2,TRACTION,2,2026-09-14,00:00,23:59
RES-10,CREW,OHE Crew O2,TRACTION,2,2026-09-15,00:00,23:59
RES-10,CREW,OHE Crew O2,TRACTION,2,2026-09-16,00:00,23:59
RES-10,CREW,OHE Crew O2,TRACTION,2,2026-09-17,00:00,23:59
RES-10,CREW,OHE Crew O2,TRACTION,2,2026-09-18,00:00,23:59
RES-10,CREW,OHE Crew O2,TRACTION,2,2026-09-19,00:00,23:59
RES-10,CREW,OHE Crew O2,TRACTION,2,2026-09-20,00:00,23:59
RES-10,CREW,OHE Crew O2,TRACTION,2,2026-09-21,00:00,23:59
RES-10,CREW,OHE Crew O2,TRACTION,2,2026-09-22,00:00,23:59
RES-10,CREW,OHE Crew O2,TRACTION,2,2026-09-23,00:00,23:59
RES-10,CREW,OHE Crew O2,TRACTION,2,2026-09-24,00:00,23:59
RES-10,CREW,OHE Crew O2,TRACTION,2,2026-09-25,00:00,23:59
RES-10,CREW,OHE Crew O2,TRACTION,2,2026-09-26,00:00,23:59
RES-10,CREW,OHE Crew O2,TRACTION,2,2026-09-27,00:00,23:59
RES-10,CREW,OHE Crew O2,TRACTION,2,2026-09-28,00:00,23:59
RES-10,CREW,OHE Crew O2,TRACTION,2,2026-09-29,00:00,23:59
RES-10,CREW,OHE Crew O2,TRACTION,2,2026-09-30,00:00,23:59
RES-11,MACHINE,Tower Wagon,TRACTION,1,2026-09-01,00:00,23:59
RES-11,MACHINE,Tower Wagon,TRACTION,1,2026-09-02,00:00,23:59
RES-11,MACHINE,Tower Wagon,TRACTION,1,2026-09-03,00:00,23:59
RES-11,MACHINE,Tower Wagon,TRACTION,1,2026-09-04,00:00,23:59
RES-11,MACHINE,Tower Wagon,TRACTION,1,2026-09-05,00:00,23:59
RES-11,MACHINE,Tower Wagon,TRACTION,1,2026-09-06,00:00,23:59
RES-11,MACHINE,Tower Wagon,TRACTION,1,2026-09-07,00:00,23:59
RES-11,MACHINE,Tower Wagon,TRACTION,1,2026-09-08,00:00,23:59
RES-11,MACHINE,Tower Wagon,TRACTION,1,2026-09-09,00:00,23:59
RES-11,MACHINE,Tower Wagon,TRACTION,1,2026-09-10,00:00,23:59
RES-11,MACHINE,Tower Wagon,TRACTION,1,2026-09-11,00:00,23:59
RES-11,MACHINE,Tower Wagon,TRACTION,1,2026-09-12,00:00,23:59
RES-11,MACHINE,Tower Wagon,TRACTION,1,2026-09-13,00:00,23:59
RES-11,MACHINE,Tower Wagon,TRACTION,1,2026-09-14,00:00,23:59
RES-11,MACHINE,Tower Wagon,TRACTION,1,2026-09-15,00:00,23:59
RES-11,MACHINE,Tower Wagon,TRACTION,1,2026-09-16,00:00,23:59
RES-11,MACHINE,Tower Wagon,TRACTION,1,2026-09-17,00:00,23:59
RES-11,MACHINE,Tower Wagon,TRACTION,1,2026-09-18,00:00,23:59
RES-11,MACHINE,Tower Wagon,TRACTION,1,2026-09-19,00:00,23:59
RES-11,MACHINE,Tower Wagon,TRACTION,1,2026-09-20,00:00,23:59
RES-11,MACHINE,Tower Wagon,TRACTION,1,2026-09-21,00:00,23:59
RES-11,MACHINE,Tower Wagon,TRACTION,1,2026-09-22,00:00,23:59
RES-11,MACHINE,Tower Wagon,TRACTION,1,2026-09-23,00:00,23:59
RES-11,MACHINE,Tower Wagon,TRACTION,1,2026-09-24,00:00,23:59
RES-11,MACHINE,Tower Wagon,TRACTION,1,2026-09-25,00:00,23:59
RES-11,MACHINE,Tower Wagon,TRACTION,1,2026-09-26,00:00,23:59
RES-11,MACHINE,Tower Wagon,TRACTION,1,2026-09-27,00:00,23:59
RES-11,MACHINE,Tower Wagon,TRACTION,1,2026-09-28,00:00,23:59
RES-11,MACHINE,Tower Wagon,TRACTION,1,2026-09-29,00:00,23:59
RES-11,MACHINE,Tower Wagon,TRACTION,1,2026-09-30,00:00,23:59
RES-12,CREW,Project Team P1,PROJECTS,3,2026-09-01,00:00,23:59
RES-12,CREW,Project Team P1,PROJECTS,3,2026-09-02,00:00,23:59
RES-12,CREW,Project Team P1,PROJECTS,3,2026-09-03,00:00,23:59
RES-12,CREW,Project Team P1,PROJECTS,3,2026-09-04,00:00,23:59
RES-12,CREW,Project Team P1,PROJECTS,3,2026-09-05,00:00,23:59
RES-12,CREW,Project Team P1,PROJECTS,3,2026-09-06,00:00,23:59
RES-12,CREW,Project Team P1,PROJECTS,3,2026-09-07,00:00,23:59
RES-12,CREW,Project Team P1,PROJECTS,3,2026-09-08,00:00,23:59
RES-12,CREW,Project Team P1,PROJECTS,3,2026-09-09,00:00,23:59
RES-12,CREW,Project Team P1,PROJECTS,3,2026-09-10,00:00,23:59
RES-12,CREW,Project Team P1,PROJECTS,3,2026-09-11,00:00,23:59
RES-12,CREW,Project Team P1,PROJECTS,3,2026-09-12,00:00,23:59
RES-12,CREW,Project Team P1,PROJECTS,3,2026-09-13,00:00,23:59
RES-12,CREW,Project Team P1,PROJECTS,3,2026-09-14,00:00,23:59
RES-12,CREW,Project Team P1,PROJECTS,3,2026-09-15,00:00,23:59
RES-12,CREW,Project Team P1,PROJECTS,3,2026-09-16,00:00,23:59
RES-12,CREW,Project Team P1,PROJECTS,3,2026-09-17,00:00,23:59
RES-12,CREW,Project Team P1,PROJECTS,3,2026-09-18,00:00,23:59
RES-12,CREW,Project Team P1,PROJECTS,3,2026-09-19,00:00,23:59
RES-12,CREW,Project Team P1,PROJECTS,3,2026-09-20,00:00,23:59
RES-12,CREW,Project Team P1,PROJECTS,3,2026-09-21,00:00,23:59
RES-12,CREW,Project Team P1,PROJECTS,3,2026-09-22,00:00,23:59
RES-12,CREW,Project Team P1,PROJECTS,3,2026-09-23,00:00,23:59
RES-12,CREW,Project Team P1,PROJECTS,3,2026-09-24,00:00,23:59
RES-12,CREW,Project Team P1,PROJECTS,3,2026-09-25,00:00,23:59
RES-12,CREW,Project Team P1,PROJECTS,3,2026-09-26,00:00,23:59
RES-12,CREW,Project Team P1,PROJECTS,3,2026-09-27,00:00,23:59
RES-12,CREW,Project Team P1,PROJECTS,3,2026-09-28,00:00,23:59
RES-12,CREW,Project Team P1,PROJECTS,3,2026-09-29,00:00,23:59
RES-12,CREW,Project Team P1,PROJECTS,3,2026-09-30,00:00,23:59
RES-13,MACHINE,Crane 100T,PROJECTS,1,2026-09-01,00:00,23:59
RES-13,MACHINE,Crane 100T,PROJECTS,1,2026-09-02,00:00,23:59
RES-13,MACHINE,Crane 100T,PROJECTS,1,2026-09-03,00:00,23:59
RES-13,MACHINE,Crane 100T,PROJECTS,1,2026-09-04,00:00,23:59
RES-13,MACHINE,Crane 100T,PROJECTS,1,2026-09-05,00:00,23:59
RES-13,MACHINE,Crane 100T,PROJECTS,1,2026-09-06,00:00,23:59
RES-13,MACHINE,Crane 100T,PROJECTS,1,2026-09-07,00:00,23:59
RES-13,MACHINE,Crane 100T,PROJECTS,1,2026-09-08,00:00,23:59
RES-13,MACHINE,Crane 100T,PROJECTS,1,2026-09-09,00:00,23:59
RES-13,MACHINE,Crane 100T,PROJECTS,1,2026-09-10,00:00,23:59
RES-13,MACHINE,Crane 100T,PROJECTS,1,2026-09-11,00:00,23:59
RES-13,MACHINE,Crane 100T,PROJECTS,1,2026-09-12,00:00,23:59
RES-13,MACHINE,Crane 100T,PROJECTS,1,2026-09-13,00:00,23:59
RES-13,MACHINE,Crane 100T,PROJECTS,1,2026-09-14,00:00,23:59
RES-13,MACHINE,Crane 100T,PROJECTS,1,2026-09-15,00:00,23:59
RES-13,MACHINE,Crane 100T,PROJECTS,1,2026-09-16,00:00,23:59
RES-13,MACHINE,Crane 100T,PROJECTS,1,2026-09-17,00:00,23:59
RES-13,MACHINE,Crane 100T,PROJECTS,1,2026-09-18,00:00,23:59
RES-13,MACHINE,Crane 100T,PROJECTS,1,2026-09-19,00:00,23:59
RES-13,MACHINE,Crane 100T,PROJECTS,1,2026-09-20,00:00,23:59
RES-13,MACHINE,Crane 100T,PROJECTS,1,2026-09-21,00:00,23:59
RES-13,MACHINE,Crane 100T,PROJECTS,1,2026-09-22,00:00,23:59
RES-13,MACHINE,Crane 100T,PROJECTS,1,2026-09-23,00:00,23:59
RES-13,MACHINE,Crane 100T,PROJECTS,1,2026-09-24,00:00,23:59
RES-13,MACHINE,Crane 100T,PROJECTS,1,2026-09-25,00:00,23:59
RES-13,MACHINE,Crane 100T,PROJECTS,1,2026-09-26,00:00,23:59
RES-13,MACHINE,Crane 100T,PROJECTS,1,2026-09-27,00:00,23:59
RES-13,MACHINE,Crane 100T,PROJECTS,1,2026-09-28,00:00,23:59
RES-13,MACHINE,Crane 100T,PROJECTS,1,2026-09-29,00:00,23:59
RES-13,MACHINE,Crane 100T,PROJECTS,1,2026-09-30,00:00,23:59
RES-14,CREW,Control Office,CONTROL_OFFICE,5,2026-09-01,00:00,23:59
RES-14,CREW,Control Office,CONTROL_OFFICE,5,2026-09-02,00:00,23:59
RES-14,CREW,Control Office,CONTROL_OFFICE,5,2026-09-03,00:00,23:59
RES-14,CREW,Control Office,CONTROL_OFFICE,5,2026-09-04,00:00,23:59
RES-14,CREW,Control Office,CONTROL_OFFICE,5,2026-09-05,00:00,23:59
RES-14,CREW,Control Office,CONTROL_OFFICE,5,2026-09-06,00:00,23:59
RES-14,CREW,Control Office,CONTROL_OFFICE,5,2026-09-07,00:00,23:59
RES-14,CREW,Control Office,CONTROL_OFFICE,5,2026-09-08,00:00,23:59
RES-14,CREW,Control Office,CONTROL_OFFICE,5,2026-09-09,00:00,23:59
RES-14,CREW,Control Office,CONTROL_OFFICE,5,2026-09-10,00:00,23:59
RES-14,CREW,Control Office,CONTROL_OFFICE,5,2026-09-11,00:00,23:59
RES-14,CREW,Control Office,CONTROL_OFFICE,5,2026-09-12,00:00,23:59
RES-14,CREW,Control Office,CONTROL_OFFICE,5,2026-09-13,00:00,23:59
RES-14,CREW,Control Office,CONTROL_OFFICE,5,2026-09-14,00:00,23:59
RES-14,CREW,Control Office,CONTROL_OFFICE,5,2026-09-15,00:00,23:59
RES-14,CREW,Control Office,CONTROL_OFFICE,5,2026-09-16,00:00,23:59
RES-14,CREW,Control Office,CONTROL_OFFICE,5,2026-09-17,00:00,23:59
RES-14,CREW,Control Office,CONTROL_OFFICE,5,2026-09-18,00:00,23:59
RES-14,CREW,Control Office,CONTROL_OFFICE,5,2026-09-19,00:00,23:59
RES-14,CREW,Control Office,CONTROL_OFFICE,5,2026-09-20,00:00,23:59
RES-14,CREW,Control Office,CONTROL_OFFICE,5,2026-09-21,00:00,23:59
RES-14,CREW,Control Office,CONTROL_OFFICE,5,2026-09-22,00:00,23:59
RES-14,CREW,Control Office,CONTROL_OFFICE,5,2026-09-23,00:00,23:59
RES-14,CREW,Control Office,CONTROL_OFFICE,5,2026-09-24,00:00,23:59
RES-14,CREW,Control Office,CONTROL_OFFICE,5,2026-09-25,00:00,23:59
RES-14,CREW,Control Office,CONTROL_OFFICE,5,2026-09-26,00:00,23:59
RES-14,CREW,Control Office,CONTROL_OFFICE,5,2026-09-27,00:00,23:59
RES-14,CREW,Control Office,CONTROL_OFFICE,5,2026-09-28,00:00,23:59
RES-14,CREW,Control Office,CONTROL_OFFICE,5,2026-09-29,00:00,23:59
RES-14,CREW,Control Office,CONTROL_OFFICE,5,2026-09-30,00:00,23:59
