resource_id,service_date,start_time,end_time,available
RES-1,2026-09-21,00:00,23:59,true
RES-1,2026-09-04,00:00,23:59,true
RES-1,2026-09-01,00:00,23:59,true
RES-1,2026-09-24,00:00,23:59,true
RES-1,2026-09-09,00:00,23:59,true
RES-1,2026-09-08,00:00,23:59,true
RES-1,2026-09-25,00:00,23:59,true
RES-1,2026-09-05,00:00,23:59,true
RES-1,2026-09-29,00:00,23:59,true
RES-1,2026-09-18,00:00,23:59,true
RES-1,2026-09-03,00:00,23:59,true
RES-1,2026-09-19,00:00,23:59,true
RES-1,2026-09-14,00:00,23:59,true
RES-1,2026-09-02,00:00,23:59,true
RES-1,2026-09-28,00:00,23:59,true
RES-1,2026-09-17,00:00,23:59,true
RES-1,2026-09-22,00:00,23:59,true
RES-1,2026-09-30,00:00,23:59,true
RES-1,2026-09-26,00:00,23:59,true
RES-1,2026-09-10,00:00,23:59,true
RES-2,2026-09-01,00:00,23:59,true
RES-2,2026-09-18,00:00,23:59,true
RES-2,2026-09-07,00:00,23:59,true
RES-2,2026-09-23,00:00,23:59,true
RES-2,2026-09-21,00:00,23:59,true
RES-2,2026-09-27,00:00,23:59,true
RES-2,2026-09-29,00:00,23:59,true
RES-2,2026-09-14,00:00,23:59,true
RES-2,2026-09-08,00:00,23:59,true
RES-2,2026-09-15,00:00,23:59,true
RES-2,2026-09-19,00:00,23:59,true
RES-2,2026-09-09,00:00,23:59,true
RES-2,2026-09-30,00:00,23:59,true
RES-2,2026-09-06,00:00,23:59,true
RES-2,2026-09-25,00:00,23:59,true
RES-2,2026-09-17,00:00,23:59,true
RES-2,2026-09-05,00:00,23:59,true
RES-2,2026-09-03,00:00,23:59,true
RES-2,2026-09-04,00:00,23:59,true
RES-2,2026-09-26,00:00,23:59,true
RES-3,2026-09-04,00:00,23:59,true
RES-3,2026-09-03,00:00,23:59,true
RES-3,2026-09-13,00:00,23:59,true
RES-3,2026-09-30,00:00,23:59,true
RES-3,2026-09-12,00:00,23:59,true
RES-3,2026-09-26,00:00,23:59,true
RES-3,2026-09-20,00:00,23:59,true
RES-3,2026-09-09,00:00,23:59,true
RES-3,2026-09-02,00:00,23:59,true
RES-3,2026-09-15,00:00,23:59,true
RES-3,2026-09-18,00:00,23:59,true
RES-3,2026-09-27,00:00,23:59,true
RES-3,2026-09-28,00:00,23:59,true
RES-3,2026-09-29,00:00,23:59,true
RES-3,2026-09-10,00:00,23:59,true
RES-3,2026-09-14,00:00,23:59,true
RES-3,2026-09-11,00:00,23:59,true
RES-3,2026-09-16,00:00,23:59,true
RES-3,2026-09-06,00:00,23:59,true
RES-3,2026-09-24,00:00,23:59,true
RES-4,2026-09-07,00:00,23:59,true
RES-4,2026-09-23,00:00,23:59,true
RES-4,2026-09-03,00:00,23:59,true
RES-4,2026-09-02,00:00,23:59,true
RES-4,2026-09-22,00:00,23:59,true
RES-4,2026-09-08,00:00,23:59,true
RES-4,2026-09-10,00:00,23:59,true
RES-4,2026-09-28,00:00,23:59,true
RES-4,2026-09-25,00:00,23:59,true
RES-4,2026-09-04,00:00,23:59,true
RES-4,2026-09-13,00:00,23:59,true
RES-4,2026-09-09,00:00,23:59,true
RES-4,2026-09-15,00:00,23:59,true
RES-4,2026-09-12,00:00,23:59,true
RES-4,2026-09-06,00:00,23:59,true
RES-4,2026-09-16,00:00,23:59,true
RES-4,2026-09-18,00:00,23:59,true
RES-4,2026-09-21,00:00,23:59,true
RES-4,2026-09-11,00:00,23:59,true
RES-4,2026-09-05,00:00,23:59,true
RES-5,2026-09-23,00:00,23:59,true
RES-5,2026-09-22,00:00,23:59,true
RES-5,2026-09-21,00:00,23:59,true
RES-5,2026-09-03,00:00,23:59,true
RES-5,2026-09-20,00:00,23:59,true
RES-5,2026-09-28,00:00,23:59,true
RES-5,2026-09-06,00:00,23:59,true
RES-5,2026-09-18,00:00,23:59,true
RES-5,2026-09-08,00:00,23:59,true
RES-5,2026-09-24,00:00,23:59,true
RES-5,2026-09-15,00:00,23:59,true
RES-5,2026-09-13,00:00,23:59,true
RES-5,2026-09-09,00:00,23:59,true
RES-5,2026-09-29,00:00,23:59,true
RES-5,2026-09-11,00:00,23:59,true
RES-5,2026-09-14,00:00,23:59,true
RES-5,2026-09-19,00:00,23:59,true
RES-5,2026-09-26,00:00,23:59,true
RES-5,2026-09-01,00:00,23:59,true
RES-5,2026-09-04,00:00,23:59,true
RES-6,2026-09-27,00:00,23:59,true
RES-6,2026-09-02,00:00,23:59,true
RES-6,2026-09-26,00:00,23:59,true
RES-6,2026-09-11,00:00,23:59,true
RES-6,2026-09-13,00:00,23:59,true
RES-6,2026-09-09,00:00,23:59,true
RES-6,2026-09-03,00:00,23:59,true
RES-6,2026-09-07,00:00,23:59,true
RES-6,2026-09-19,00:00,23:59,true
RES-6,2026-09-30,00:00,23:59,true
RES-6,2026-09-23,00:00,23:59,true
RES-6,2026-09-16,00:00,23:59,true
RES-6,2026-09-28,00:00,23:59,true
RES-6,2026-09-15,00:00,23:59,true
RES-6,2026-09-05,00:00,23:59,true
RES-6,2026-09-22,00:00,23:59,true
RES-6,2026-09-24,00:00,23:59,true
RES-6,2026-09-04,00:00,23:59,true
RES-6,2026-09-12,00:00,23:59,true
RES-6,2026-09-25,00:00,23:59,true
RES-7,2026-09-18,00:00,23:59,true
RES-7,2026-09-09,00:00,23:59,true
RES-7,2026-09-24,00:00,23:59,true
RES-7,2026-09-19,00:00,23:59,true
RES-7,2026-09-14,00:00,23:59,true
RES-7,2026-09-27,00:00,23:59,true
RES-7,2026-09-13,00:00,23:59,true
RES-7,2026-09-12,00:00,23:59,true
RES-7,2026-09-08,00:00,23:59,true
RES-7,2026-09-05,00:00,23:59,true
RES-7,2026-09-17,00:00,23:59,true
RES-7,2026-09-16,00:00,23:59,true
RES-7,2026-09-03,00:00,23:59,true
RES-7,2026-09-02,00:00,23:59,true
RES-7,2026-09-04,00:00,23:59,true
RES-7,2026-09-30,00:00,23:59,true
RES-7,2026-09-11,00:00,23:59,true
RES-7,2026-09-15,00:00,23:59,true
RES-7,2026-09-26,00:00,23:59,true
RES-7,2026-09-07,00:00,23:59,true
RES-8,2026-09-20,00:00,23:59,true
RES-8,2026-09-03,00:00,23:59,true
RES-8,2026-09-13,00:00,23:59,true
RES-8,2026-09-28,00:00,23:59,true
RES-8,2026-09-30,00:00,23:59,true
RES-8,2026-09-15,00:00,23:59,true
RES-8,2026-09-17,00:00,23:59,true
RES-8,2026-09-09,00:00,23:59,true
RES-8,2026-09-18,00:00,23:59,true
RES-8,2026-09-01,00:00,23:59,true
RES-8,2026-09-04,00:00,23:59,true
RES-8,2026-09-22,00:00,23:59,true
RES-8,2026-09-23,00:00,23:59,true
RES-8,2026-09-11,00:00,23:59,true
RES-8,2026-09-26,00:00,23:59,true
RES-8,2026-09-05,00:00,23:59,true
RES-8,2026-09-07,00:00,23:59,true
RES-8,2026-09-29,00:00,23:59,true
RES-8,2026-09-08,00:00,23:59,true
RES-8,2026-09-21,00:00,23:59,true
RES-9,2026-09-24,00:00,23:59,true
RES-9,2026-09-29,00:00,23:59,true
RES-9,2026-09-30,00:00,23:59,true
RES-9,2026-09-09,00:00,23:59,true
RES-9,2026-09-17,00:00,23:59,true
RES-9,2026-09-25,00:00,23:59,true
RES-9,2026-09-06,00:00,23:59,true
RES-9,2026-09-26,00:00,23:59,true
RES-9,2026-09-04,00:00,23:59,true
RES-9,2026-09-21,00:00,23:59,true
RES-9,2026-09-10,00:00,23:59,true
RES-9,2026-09-23,00:00,23:59,true
RES-9,2026-09-07,00:00,23:59,true
RES-9,2026-09-05,00:00,23:59,true
RES-9,2026-09-12,00:00,23:59,true
RES-9,2026-09-13,00:00,23:59,true
RES-9,2026-09-03,00:00,23:59,true
RES-9,2026-09-27,00:00,23:59,true
RES-9,2026-09-15,00:00,23:59,true
RES-9,2026-09-01,00:00,23:59,true
RES-10,2026-09-20,00:00,23:59,true
RES-10,2026-09-11,00:00,23:59,true
RES-10,2026-09-16,00:00,23:59,true
RES-10,2026-09-01,00:00,23:59,true
RES-10,2026-09-04,00:00,23:59,true
RES-10,2026-09-12,00:00,23:59,true
RES-10,2026-09-10,00:00,23:59,true
RES-10,2026-09-08,00:00,23:59,true
RES-10,2026-09-02,00:00,23:59,true
RES-10,2026-09-23,00:00,23:59,true
RES-10,2026-09-19,00:00,23:59,true
RES-10,2026-09-03,00:00,23:59,true
RES-10,2026-09-30,00:00,23:59,true
RES-10,2026-09-28,00:00,23:59,true
RES-10,2026-09-18,00:00,23:59,true
RES-10,2026-09-13,00:00,23:59,true
RES-10,2026-09-09,00:00,23:59,true
RES-10,2026-09-15,00:00,23:59,true
RES-10,2026-09-17,00:00,23:59,true
RES-10,2026-09-25,00:00,23:59,true
RES-11,2026-09-22,00:00,23:59,true
RES-11,2026-09-16,00:00,23:59,true
RES-11,2026-09-18,00:00,23:59,true
RES-11,2026-09-06,00:00,23:59,true
RES-11,2026-09-09,00:00,23:59,true
RES-11,2026-09-17,00:00,23:59,true
RES-11,2026-09-20,00:00,23:59,true
RES-11,2026-09-14,00:00,23:59,true
RES-11,2026-09-07,00:00,23:59,true
RES-11,2026-09-28,00:00,23:59,true
RES-11,2026-09-30,00:00,23:59,true
RES-11,2026-09-10,00:00,23:59,true
RES-11,2026-09-13,00:00,23:59,true
RES-11,2026-09-12,00:00,23:59,true
RES-11,2026-09-15,00:00,23:59,true
RES-11,2026-09-29,00:00,23:59,true
RES-11,2026-09-26,00:00,23:59,true
RES-11,2026-09-08,00:00,23:59,true
RES-11,2026-09-02,00:00,23:59,true
RES-11,2026-09-04,00:00,23:59,true
RES-12,2026-09-08,00:00,23:59,true
RES-12,2026-09-03,00:00,23:59,true
RES-12,2026-09-11,00:00,23:59,true
RES-12,2026-09-01,00:00,23:59,true
RES-12,2026-09-19,00:00,23:59,true
RES-12,2026-09-18,00:00,23:59,true
RES-12,2026-09-30,00:00,23:59,true
RES-12,2026-09-26,00:00,23:59,true
RES-12,2026-09-24,00:00,23:59,true
RES-12,2026-09-27,00:00,23:59,true
RES-12,2026-09-29,00:00,23:59,true
RES-12,2026-09-02,00:00,23:59,true
RES-12,2026-09-22,00:00,23:59,true
RES-12,2026-09-20,00:00,23:59,true
RES-12,2026-09-23,00:00,23:59,true
RES-12,2026-09-14,00:00,23:59,true
RES-12,2026-09-06,00:00,23:59,true
RES-12,2026-09-16,00:00,23:59,true
RES-12,2026-09-09,00:00,23:59,true
RES-12,2026-09-04,00:00,23:59,true
RES-13,2026-09-09,00:00,23:59,true
RES-13,2026-09-22,00:00,23:59,true
RES-13,2026-09-16,00:00,23:59,true
RES-13,2026-09-07,00:00,23:59,true
RES-13,2026-09-18,00:00,23:59,true
RES-13,2026-09-05,00:00,23:59,true
RES-13,2026-09-24,00:00,23:59,true
RES-13,2026-09-19,00:00,23:59,true
RES-13,2026-09-23,00:00,23:59,true
RES-13,2026-09-28,00:00,23:59,true
RES-13,2026-09-08,00:00,23:59,true
RES-13,2026-09-21,00:00,23:59,true
RES-13,2026-09-14,00:00,23:59,true
RES-13,2026-09-27,00:00,23:59,true
RES-13,2026-09-04,00:00,23:59,true
RES-13,2026-09-02,00:00,23:59,true
RES-13,2026-09-11,00:00,23:59,true
RES-13,2026-09-17,00:00,23:59,true
RES-13,2026-09-06,00:00,23:59,true
RES-13,2026-09-13,00:00,23:59,true
RES-14,2026-09-14,00:00,23:59,true
RES-14,2026-09-15,00:00,23:59,true
RES-14,2026-09-28,00:00,23:59,true
RES-14,2026-09-24,00:00,23:59,true
RES-14,2026-09-02,00:00,23:59,true
RES-14,2026-09-22,00:00,23:59,true
RES-14,2026-09-21,00:00,23:59,true
RES-14,2026-09-27,00:00,23:59,true
RES-14,2026-09-04,00:00,23:59,true
RES-14,2026-09-26,00:00,23:59,true
RES-14,2026-09-13,00:00,23:59,true
RES-14,2026-09-11,00:00,23:59,true
RES-14,2026-09-25,00:00,23:59,true
RES-14,2026-09-08,00:00,23:59,true
RES-14,2026-09-07,00:00,23:59,true
RES-14,2026-09-18,00:00,23:59,true
RES-14,2026-09-09,00:00,23:59,true
RES-14,2026-09-17,00:00,23:59,true
RES-14,2026-09-03,00:00,23:59,true
RES-14,2026-09-16,00:00,23:59,true
